<?xml version='1.0' encoding='UTF-8'?>
<!DOCTYPE Plugin PUBLIC "sailpoint.dtd" "sailpoint.dtd">
<Plugin certificationLevel="None" displayName="Forward Comments Required" minSystemVersion="8.0" name="ForwardCommentsRequired" version="1.0">
  <Attributes>
    <Map>
      <entry key="minUpgradableVersion" value="1.0" />
       <entry key="fullPage">
         <value>
            <FullPage title="Full Page"/>
         </value>
      </entry>
      <entry key="snippets">
        <value>
          <List>
           <Snippet regexPattern=".*workItems.jsf" >
              <Scripts>
                <String>ui/js/snippets/snippet-insert.js</String>
              </Scripts>
            </Snippet>
           </List>
        </value>
      </entry>
    </Map>
  </Attributes>
</Plugin>

