<?xml version="1.0" encoding="UTF-8" standalone="no"?>
<!DOCTYPE sailpoint PUBLIC "sailpoint.dtd" "sailpoint.dtd">
<sailpoint>
    <ImportAction name="merge">
    <Configuration name="SystemConfiguration">
      <Attributes>
        <Map>
          <entry key='quickLinkCategories'>
            <value>
              <List>
                <QuickLinkCategory name="Tools" messageKey="Jeds Tools" enabled="true" icon="quickLinkCategoryCustom" />
              </List>
            </value>
          </entry>
        </Map>
      </Attributes>
    </Configuration>
  </ImportAction>
</sailpoint>
