<?xml version="1.0" encoding="UTF-8" standalone="no"?>
<!DOCTYPE sailpoint PUBLIC "sailpoint.dtd" "sailpoint.dtd">
<sailpoint>
<QuickLink action="external" category="Tools" messageKey="Email Validation" name="Email Validation">
	<Attributes>
		<Map>
			<entry key="url" value="plugins/pluginPage.jsf?pn=jedMailTest"/>
		</Map>
	</Attributes>
	<QuickLinkOptions allowSelf="true">
	<DynamicScopeRef>
		<Reference class="sailpoint.object.DynamicScope" name="SystemAdmin"/>
	</DynamicScopeRef>
	</QuickLinkOptions>
</QuickLink>
</sailpoint>