<?xml version="1.0" encoding="UTF-8" standalone="no"?>
<!DOCTYPE Plugin PUBLIC "sailpoint.dtd" "sailpoint.dtd">
<Plugin displayName="Jed Mail Test" minSystemVersion="7.1" name="jedMailTest" rightRequired="jedMailTestRight" version="0.1.3">
      
    <Attributes>
            
        <Map>
                  
            <entry key="minUpgradableVersion" value="0.1"/>
                  
            <entry key="fullPage">
                        
                <value>
                              
                    <FullPage title="Full Page"/>
                            
                </value>
                      
            </entry>
                   
            <entry key="serviceExecutors">
                				
                <value>
                    					
                    <List>
                        						
                        <String>jed.plugin.mailTest.StartMailServer</String>
                        					
                    </List>
                    				
                </value>
                			
            </entry>
            			
            <entry key="restResources">
                				
                <value>
                    					
                    <List>
                        						
                        <String>jed.plugin.mailTest.rest.DatabaseUpdates</String>
                        					
                    </List>
                    				
                </value>
                			
            </entry>
                
        </Map>
          
    </Attributes>
    
</Plugin>
